Ville,Recherches sur 12 mois,Index d'intérêt,Croissance 2024 vs 2023,Catégorie
Arcachon,3340,0.29,18.44%,Petite Ville
Fontainebleau,3930,0.25,15.25%,Petite Ville
Honfleur,1530,0.23,-42.91%,Petite Ville
Gruissan,1040,0.2,-25.18%,Petite Ville
Biarritz,5080,0.2,3.89%,Petite Ville
Paimpol,1380,0.19,-23.76%,Petite Ville
Langon,1390,0.19,-34.12%,Petite Ville
Serris,1680,0.18,-6.15%,Petite Ville
Chantilly,1820,0.17,0.55%,Petite Ville
Capbreton,1480,0.16,-25.63%,Petite Ville
Menton,4970,0.16,-3.87%,Petite Ville
Chambly,1640,0.16,5.13%,Petite Ville
Bandol,1340,0.16,-33.00%,Petite Ville
Apt,1760,0.16,-21.08%,Petite Ville
Dax,3310,0.16,15.33%,Petite Ville
Annemasse,5770,0.16,-5.10%,Petite Ville
Cannes,11660,0.16,22.22%,Moyenne Ville
Dinard,1580,0.16,-15.05%,Petite Ville
Sainte-Maxime,2240,0.16,-17.65%,Petite Ville
Montargis,2310,0.15,-12.50%,Petite Ville
Le Lavandou,890,0.15,-3.26%,Petite Ville
La Grande-Motte,1290,0.15,35.79%,Petite Ville
Dinan,2090,0.15,-32.36%,Petite Ville
Cassis,970,0.14,-32.64%,Petite Ville
Royan,2560,0.14,-28.09%,Petite Ville
Provins,1670,0.14,-31.84%,Petite Ville
Vichy,3420,0.14,-30.35%,Petite Ville
Perros-Guirec,960,0.14,-10.28%,Petite Ville
Saint-Gilles-Croix-de-Vie,1030,0.13,-0.96%,Petite Ville
Rouen,14600,0.13,16.43%,Grande Ville
Guingamp,900,0.13,-18.92%,Petite Ville
Chessy,800,0.13,-24.53%,Petite Ville
Chessy,800,0.13,-24.53%,Petite Ville
Figeac,1240,0.13,-31.11%,Petite Ville
Arras,5200,0.12,4.00%,Petite Ville
Beaune,2560,0.12,-20.74%,Petite Ville
Ferney-Voltaire,1240,0.12,15.89%,Petite Ville
Lisieux,2460,0.12,-5.75%,Petite Ville
Pont-Audemer,1220,0.12,-37.76%,Petite Ville
Chartres,4690,0.12,34.38%,Petite Ville
Salon-de-Provence,5460,0.12,5.41%,Petite Ville
Remiremont,920,0.12,-26.40%,Petite Ville
Roanne,3990,0.12,1.53%,Petite Ville
Morlaix,1750,0.12,-29.72%,Petite Ville
Soissons,3340,0.12,24.16%,Petite Ville
Puget-sur-Argens,930,0.12,45.31%,Petite Ville
Lacanau,580,0.11,-52.85%,Petite Ville
Voiron,2320,0.11,-24.18%,Petite Ville
Carcassonne,5300,0.11,-17.19%,Petite Ville
Thionville,4610,0.11,-6.30%,Petite Ville
Tournus,620,0.11,-23.46%,Petite Ville
Troyes,6960,0.11,-1.14%,Moyenne Ville
Manosque,2480,0.11,-1.98%,Petite Ville
Obernai,1290,0.11,-23.67%,Petite Ville
Bayeux,1390,0.11,-21.47%,Petite Ville
La Ciotat,3940,0.11,0.51%,Petite Ville
Libourne,2650,0.11,-14.24%,Petite Ville
Aigues-Mortes,930,0.11,-38.00%,Petite Ville
Bayonne,5620,0.11,-7.41%,Moyenne Ville
Aubenas,1350,0.11,-26.23%,Petite Ville
Pontarlier,1890,0.11,-32.50%,Petite Ville
Auray,1520,0.11,-24.38%,Petite Ville
Crolles,890,0.11,-33.58%,Petite Ville
Venelles,900,0.11,-10.00%,Petite Ville
Antibes,7760,0.11,27.63%,Moyenne Ville
Redon,980,0.11,-34.67%,Petite Ville
Montauroux,690,0.11,-34.91%,Petite Ville
Gisors,1230,0.11,-29.31%,Petite Ville
Granville,1290,0.1,-37.98%,Petite Ville
Valenciennes,4450,0.1,1.60%,Petite Ville
Saint-Jean-de-Luz,1460,0.1,20.66%,Petite Ville
Vannes,5520,0.1,-0.18%,Moyenne Ville
Coulommiers,1510,0.1,-32.89%,Petite Ville
Biganos,1120,0.1,-1.75%,Petite Ville
Albi,4970,0.1,-19.19%,Petite Ville
Cahors,2020,0.1,-25.74%,Petite Ville
Nice,34340,0.1,19.03%,Grande Ville
Chinon,810,0.1,10.96%,Petite Ville
Vaison-la-Romaine,590,0.1,-3.28%,Petite Ville
Rodez,2430,0.1,-18.73%,Petite Ville
Bernay,970,0.1,-23.62%,Petite Ville
Saumur,2600,0.1,-25.50%,Petite Ville
Agen,3200,0.1,-3.32%,Petite Ville
Mimizan,710,0.1,-53.29%,Petite Ville
Pertuis,2010,0.1,-16.60%,Petite Ville
Biscarrosse,1350,0.1,-35.10%,Petite Ville
Lourdes,1270,0.1,-9.93%,Petite Ville
Nancy,10100,0.1,4.88%,Grande Ville
Mouans-Sartoux,950,0.1,-15.18%,Petite Ville
Palavas-les-Flots,560,0.1,5.66%,Petite Ville
Quimper,6060,0.1,11.60%,Moyenne Ville
Cambrai,3080,0.1,-6.10%,Petite Ville
Castelnaudary,1160,0.1,-28.40%,Petite Ville
Quetigny,850,0.09,63.46%,Petite Ville
Narbonne,5180,0.09,-25.36%,Moyenne Ville
Landerneau,1470,0.09,13.08%,Petite Ville
La Rochelle,7110,0.09,-2.34%,Moyenne Ville
Rambouillet,2470,0.09,-10.51%,Petite Ville
Dieppe,2570,0.09,-18.93%,Petite Ville
Lorient,5200,0.09,25.30%,Moyenne Ville
Bordeaux,23600,0.09,4.56%,Grande Ville
Feurs,750,0.09,-28.57%,Petite Ville
Saverne,1020,0.09,-20.93%,Petite Ville
Fayence,510,0.09,-46.88%,Petite Ville
Clisson,660,0.09,-35.92%,Petite Ville
Vendenheim,530,0.09,-19.70%,Petite Ville
Cognac,1640,0.09,-14.14%,Petite Ville
Annecy,11480,0.09,21.61%,Grande Ville
Morteau,600,0.09,-10.45%,Petite Ville
Brignoles,1510,0.09,-32.59%,Petite Ville
Bergerac,2320,0.09,-14.39%,Petite Ville
Nemours,1130,0.09,-34.30%,Petite Ville
Bourg-Saint-Maurice,620,0.09,-24.39%,Petite Ville
Longwy,1270,0.09,-56.80%,Petite Ville
Pornic,1360,0.09,-6.21%,Petite Ville
Enghien-les-Bains,980,0.09,6.52%,Petite Ville
Arles,4310,0.09,-2.49%,Moyenne Ville
Beauvais,4860,0.09,10.71%,Moyenne Ville
Issoire,1300,0.08,-28.57%,Petite Ville
Villeneuve-Loubet,1380,0.08,-11.54%,Petite Ville
Claye-Souilly,1030,0.08,-12.71%,Petite Ville
Saint-Malo,3960,0.08,1.28%,Petite Ville
Amboise,1060,0.08,-24.29%,Petite Ville
Pau,6390,0.08,0.00%,Moyenne Ville
Metz,10010,0.08,7.63%,Grande Ville
Caen,8920,0.08,-2.19%,Grande Ville
Yvetot,960,0.08,-25.58%,Petite Ville
Perpignan,9990,0.08,-2.73%,Grande Ville
Draguignan,3300,0.08,-21.43%,Petite Ville
Aubagne,3970,0.08,-16.95%,Petite Ville
Aix-les-Bains,2530,0.08,3.69%,Petite Ville
Valence,5370,0.08,-6.12%,Moyenne Ville
Concarneau,1640,0.08,-24.77%,Petite Ville
Berck,1110,0.08,-37.99%,Petite Ville
Douai,3260,0.08,14.39%,Petite Ville
Gap,3330,0.08,-10.96%,Petite Ville
Avranches,840,0.08,-37.31%,Petite Ville
Pornichet,910,0.08,1.11%,Petite Ville
Saint-Jean-de-Monts,710,0.08,-39.83%,Petite Ville
Melun,3320,0.08,29.18%,Petite Ville
Haguenau,2860,0.08,4.00%,Petite Ville
Pont-l'Abbé,680,0.08,-2.86%,Petite Ville
Orgeval,540,0.08,-23.94%,Petite Ville
Lille,18950,0.08,9.66%,Grande Ville
Albertville,1570,0.08,-29.91%,Petite Ville
Lons-le-Saunier,1380,0.08,1.47%,Petite Ville
Les Sables-d'Olonne,3600,0.08,5.57%,Petite Ville
Montpellier,23510,0.08,17.55%,Grande Ville
Canet-en-Roussillon,970,0.08,-11.01%,Petite Ville
Meaux,4390,0.08,8.13%,Moyenne Ville
Dourdan,820,0.08,-12.77%,Petite Ville
Lorgues,710,0.08,-12.35%,Petite Ville
Muret,1940,0.08,-21.14%,Petite Ville
Cogolin,880,0.08,-34.33%,Petite Ville
Avignon,7060,0.08,19.46%,Moyenne Ville
Arpajon,870,0.08,-29.84%,Petite Ville
Senlis,1130,0.08,-3.42%,Petite Ville
Orchies,660,0.08,-29.79%,Petite Ville
Dreux,2320,0.08,-12.78%,Petite Ville
Bourgoin-Jallieu,2180,0.08,-19.85%,Petite Ville
Montauban,4640,0.08,-0.22%,Moyenne Ville
Belley,690,0.08,-36.11%,Petite Ville
Colmar,5140,0.07,16.55%,Moyenne Ville
Louhans,480,0.07,-40.00%,Petite Ville
Tarbes,3190,0.07,-16.49%,Petite Ville
Lens,2340,0.07,5.41%,Petite Ville
Grenoble,11690,0.07,0.09%,Grande Ville
Vernon,1750,0.07,-23.91%,Petite Ville
Nevers,2430,0.07,-19.80%,Petite Ville
Dol-de-Bretagne,420,0.07,-54.35%,Petite Ville
Pithiviers,660,0.07,-44.54%,Petite Ville
Dijon,11500,0.07,11.00%,Grande Ville
Auxerre,2500,0.07,-21.88%,Petite Ville
Saint-Genis-Pouilly,1010,0.07,-19.20%,Petite Ville
Mulhouse,7820,0.07,15.85%,Grande Ville
Beausoleil,960,0.07,-46.67%,Petite Ville
Martigues,3490,0.07,2.35%,Petite Ville
Lannion,1450,0.07,-25.64%,Petite Ville
Revel,690,0.07,-27.37%,Petite Ville
Tours,9750,0.07,16.35%,Grande Ville
Saint-Brieuc,3100,0.07,9.54%,Petite Ville
Mazamet,710,0.07,-24.47%,Petite Ville
Saint-Gaudens,830,0.07,-16.16%,Petite Ville
Sallanches,1180,0.07,-35.87%,Petite Ville
Questembert,550,0.07,-32.10%,Petite Ville
Aix-en-Provence,10140,0.07,-3.34%,Grande Ville
Laval,3470,0.07,-9.87%,Petite Ville
Lunel,1840,0.07,-18.58%,Petite Ville
Abbeville,1600,0.07,-39.62%,Petite Ville
Gaillard,700,0.07,1.45%,Petite Ville
Nyons,470,0.07,-50.00%,Petite Ville
Loches,430,0.07,-33.85%,Petite Ville
Verdun,1170,0.07,-13.33%,Petite Ville
Le Grau-du-Roi,580,0.07,-4.92%,Petite Ville
Cancale,360,0.07,-29.41%,Petite Ville
Roquebrune-Cap-Martin,880,0.07,-24.79%,Petite Ville
Orthez,710,0.07,-31.07%,Petite Ville
Aurillac,1740,0.07,-30.68%,Petite Ville
Saint-Maximin-la-Sainte-Baume,1160,0.07,36.47%,Petite Ville
Saintes,1710,0.07,-17.39%,Petite Ville
Mont-de-Marsan,2010,0.07,0.00%,Petite Ville
Altkirch,380,0.07,-38.71%,Petite Ville
Bourges,4310,0.07,-10.40%,Moyenne Ville
Clermont-Ferrand,9870,0.07,4.33%,Grande Ville
Laon,1620,0.07,-20.98%,Petite Ville
Cormontreuil,430,0.07,-17.31%,Petite Ville
Angers,10360,0.07,25.58%,Grande Ville
L'Isle-Adam,800,0.07,-38.93%,Petite Ville
Noyon,870,0.07,-25.00%,Petite Ville
Yssingeaux,480,0.07,-21.31%,Petite Ville
Noyelles-Godault,380,0.07,0.00%,Petite Ville
Pontivy,990,0.07,-44.69%,Petite Ville
Millau,1440,0.07,-33.64%,Petite Ville
Castanet-Tolosan,930,0.07,63.16%,Petite Ville
Seclin,810,0.06,24.62%,Petite Ville
Hagondange,600,0.06,-14.29%,Petite Ville
Anglet,2560,0.06,-5.88%,Petite Ville
Saint-Marcellin,500,0.06,-32.43%,Petite Ville
Orange,1850,0.06,-14.75%,Petite Ville
Ouistreham,600,0.06,-46.43%,Petite Ville
Agde,1900,0.06,-30.91%,Petite Ville
Carpentras,1870,0.06,-9.66%,Petite Ville
Grasse,3110,0.06,15.19%,Petite Ville
Niort,3760,0.06,7.12%,Moyenne Ville
Sisteron,480,0.06,-45.45%,Petite Ville
Marmande,1100,0.06,-32.10%,Petite Ville
Auch,1390,0.06,-15.24%,Petite Ville
Castres,2630,0.06,-0.38%,Petite Ville
L'Arbresle,400,0.06,-14.89%,Petite Ville
Challans,1330,0.06,-21.30%,Petite Ville
Blois,2860,0.06,3.62%,Petite Ville
Avallon,400,0.06,-42.86%,Petite Ville
Thuir,490,0.06,-41.67%,Petite Ville
Vallauris,1690,0.06,9.03%,Petite Ville
Gignac,400,0.06,-28.57%,Petite Ville
Mougins,1230,0.06,-7.52%,Petite Ville
Langueux,480,0.06,-25.00%,Petite Ville
Craponne,690,0.06,-22.47%,Petite Ville
Blagnac,1560,0.06,-22.39%,Petite Ville
Saint-Omer,910,0.06,-35.92%,Petite Ville
Bourg-en-Bresse,2510,0.06,-17.70%,Petite Ville
Sarrebourg,760,0.06,-36.13%,Petite Ville
Saint-Germain-en-Laye,2730,0.06,16.17%,Petite Ville
Bussy-Saint-Georges,1620,0.06,32.79%,Petite Ville
Valbonne,820,0.06,-30.51%,Petite Ville
Marseillan,470,0.06,-47.19%,Petite Ville
Annonay,990,0.06,-15.38%,Petite Ville
Sens,1620,0.06,-22.12%,Petite Ville
Molsheim,560,0.06,-45.63%,Petite Ville
Quimperlé,730,0.06,21.67%,Petite Ville
Crozon,440,0.06,-41.33%,Petite Ville
Tarare,620,0.06,-4.62%,Petite Ville
Rennes,13000,0.06,6.91%,Grande Ville
Gaillac,900,0.06,-21.74%,Petite Ville
Louviers,1090,0.06,-18.66%,Petite Ville
Bidart,410,0.06,-40.58%,Petite Ville
Douarnenez,820,0.06,-44.59%,Petite Ville
Vincennes,2910,0.06,13.23%,Petite Ville
Le Puy-en-Velay,1120,0.06,0.90%,Petite Ville
Meximieux,460,0.06,-24.59%,Petite Ville
Lyon,30320,0.06,4.34%,Grande Ville
Strasbourg,16620,0.06,19.57%,Grande Ville
Dole,1370,0.06,-36.28%,Petite Ville
Quint-Fonsegrives,340,0.06,21.43%,Petite Ville
Versailles,4880,0.06,17.03%,Moyenne Ville
Toulon,10280,0.06,16.95%,Grande Ville
Cholet,3100,0.06,-19.06%,Moyenne Ville
Saint-Avold,880,0.06,-36.69%,Petite Ville
Mauguio,950,0.06,-16.67%,Petite Ville
Saint-Quentin,3040,0.06,-7.32%,Moyenne Ville
Saint-Cyr-sur-Mer,650,0.06,-8.45%,Petite Ville
Maubeuge,1670,0.06,-4.57%,Petite Ville
Vitré,1040,0.06,-18.11%,Petite Ville
Ollioules,780,0.06,-46.94%,Petite Ville
Sarreguemines,1160,0.06,-25.16%,Petite Ville
Reims,10110,0.06,16.34%,Grande Ville
Carros,700,0.06,-22.22%,Petite Ville
Gex,730,0.06,-39.67%,Petite Ville
Gardanne,1190,0.06,-34.25%,Petite Ville
Montbrison,880,0.06,-43.23%,Petite Ville
L'Aigle,440,0.06,-13.73%,Petite Ville
Mondeville,550,0.06,-8.33%,Petite Ville
Champagnole,440,0.05,-31.25%,Petite Ville
Brie-Comte-Robert,1030,0.05,13.19%,Petite Ville
Tarnos,690,0.05,27.78%,Petite Ville
Brignais,660,0.05,-22.35%,Petite Ville
Saint-Girons,350,0.05,-55.70%,Petite Ville
Balaruc-les-Bains,380,0.05,2.70%,Petite Ville
Creil,1960,0.05,-9.68%,Petite Ville
Limoux,540,0.05,-38.64%,Petite Ville
Villefranche-sur-Mer,270,0.05,-15.62%,Petite Ville
Hendaye,910,0.05,-22.22%,Petite Ville
Toulouse,26390,0.05,2.01%,Grande Ville
Puilboreau,350,0.05,-47.76%,Petite Ville
Barentin,660,0.05,-24.14%,Petite Ville
Chauny,620,0.05,-18.42%,Petite Ville
Ville-la-Grand,480,0.05,-23.81%,Petite Ville
Carry-le-Rouet,300,0.05,7.14%,Petite Ville
Istres,2300,0.05,0.00%,Petite Ville
Riom,1000,0.05,-13.79%,Petite Ville
Frontignan,1210,0.05,-35.29%,Petite Ville
Dunkerque,4530,0.05,-6.40%,Moyenne Ville
Pézenas,420,0.05,-12.50%,Petite Ville
Lagny-sur-Marne,1130,0.05,-1.74%,Petite Ville
Poissy,2050,0.05,4.06%,Petite Ville
Vesoul,780,0.05,-33.90%,Petite Ville
Paray-le-Monial,480,0.05,17.07%,Petite Ville
Bain-de-Bretagne,380,0.05,-38.71%,Petite Ville
Cagnes-sur-Mer,2710,0.05,8.84%,Moyenne Ville
Chambourcy,290,0.05,70.59%,Petite Ville
Amiens,6980,0.05,-0.99%,Grande Ville
Limoges,6770,0.05,23.32%,Grande Ville
Nantes,16430,0.05,9.90%,Grande Ville
Boulogne-sur-Mer,2060,0.05,-17.60%,Petite Ville
Cavaillon,1340,0.05,-35.27%,Petite Ville
Privas,430,0.05,-35.82%,Petite Ville
Mayenne,650,0.05,-32.29%,Petite Ville
Bouc-Bel-Air,750,0.05,-21.88%,Petite Ville
Firminy,850,0.05,-33.59%,Petite Ville
Landivisiau,460,0.05,-50.54%,Petite Ville
Poitiers,4460,0.05,4.21%,Moyenne Ville
Coutances,420,0.05,-50.00%,Petite Ville
Lattes,870,0.05,-17.14%,Petite Ville
Saint-Laurent-du-Var,1450,0.05,18.85%,Petite Ville
Cluses,840,0.05,-36.36%,Petite Ville
Oyonnax,1110,0.05,-39.01%,Petite Ville
Toul,770,0.05,-47.97%,Petite Ville
Saint-Raphaël,1760,0.05,-37.14%,Petite Ville
Vitrolles,1620,0.05,-19.00%,Petite Ville
Autun,630,0.05,-61.11%,Petite Ville
Jacou,330,0.05,-15.38%,Petite Ville
Belfort,2250,0.05,-31.19%,Petite Ville
Brest,6770,0.05,18.56%,Grande Ville
Villefranche-de-Rouergue,560,0.05,-24.32%,Petite Ville
Rethel,360,0.05,-42.86%,Petite Ville
La Valette-du-Var,1160,0.05,11.54%,Petite Ville
Gournay-en-Bray,290,0.05,-14.71%,Petite Ville
Sanary-sur-Mer,810,0.05,-5.81%,Petite Ville
Douvaine,310,0.05,-31.11%,Petite Ville
Lesneven,350,0.05,-50.70%,Petite Ville
Falaise,380,0.05,-60.82%,Petite Ville
Rocbaron,250,0.05,-63.24%,Petite Ville
Vence,900,0.05,-14.29%,Petite Ville
Vienne,1400,0.05,1.45%,Petite Ville
Sarzeau,410,0.05,0.00%,Petite Ville
Gien,630,0.05,-55.00%,Petite Ville
Paris,97620,0.05,6.93%,Grande Ville
Pacy-sur-Eure,230,0.05,-17.86%,Petite Ville
Pontault-Combault,1710,0.05,1.18%,Petite Ville
Givors,920,0.05,-29.77%,Petite Ville
La Tour-du-Pin,370,0.05,-41.27%,Petite Ville
Tulle,670,0.05,-37.96%,Petite Ville
Saint-Bonnet-de-Mure,310,0.05,3.33%,Petite Ville
Vierzon,1140,0.04,-25.00%,Petite Ville
Nuits-Saint-Georges,240,0.04,-35.14%,Petite Ville
Orsay,690,0.04,7.81%,Petite Ville
Beauzelle,310,0.04,-18.42%,Petite Ville
Baillargues,340,0.04,-27.66%,Petite Ville
Persan,610,0.04,-6.15%,Petite Ville
Moulins,850,0.04,-19.81%,Petite Ville
Longuyon,230,0.04,15.00%,Petite Ville
Dives-sur-Mer,230,0.04,21.05%,Petite Ville
La Teste-de-Buch,1140,0.04,12.87%,Petite Ville
Saint-Cyprien,480,0.04,-56.76%,Petite Ville
Muzillac,220,0.04,-8.33%,Petite Ville
Monteux,560,0.04,-16.42%,Petite Ville
Elbeuf,700,0.04,-38.60%,Petite Ville
Neuilly-Plaisance,900,0.04,-32.33%,Petite Ville
Fronton,270,0.04,-35.71%,Petite Ville
La Roche-sur-Yon,2370,0.04,-6.69%,Moyenne Ville
Plan-de-Cuques,500,0.04,2.04%,Petite Ville
Saint-Junien,480,0.04,-44.19%,Petite Ville
Wimereux,270,0.04,-3.57%,Petite Ville
Valognes,290,0.04,-52.46%,Petite Ville
Wambrechies,450,0.04,18.42%,Petite Ville
Fontenay-le-Comte,560,0.04,-6.67%,Petite Ville
Puteaux,1910,0.04,20.89%,Petite Ville
Lavaur,460,0.04,-39.47%,Petite Ville
Pontoise,1370,0.04,-28.27%,Petite Ville
Beaugency,310,0.04,-36.73%,Petite Ville
Pontcharra,310,0.04,-6.06%,Petite Ville
Nogent-le-Rotrou,400,0.04,-16.67%,Petite Ville
Balma,700,0.04,-18.60%,Petite Ville
L'Isle-Jourdain,380,0.04,-34.48%,Petite Ville
Bondues,410,0.04,-16.33%,Petite Ville
Uzès,350,0.04,-22.22%,Petite Ville
Saint-Renan,340,0.04,-22.73%,Petite Ville
Cergy,2740,0.04,-13.29%,Moyenne Ville
Fouesnant,410,0.04,-53.41%,Petite Ville
Pamiers,650,0.04,-51.49%,Petite Ville
Gigean,270,0.04,-20.59%,Petite Ville
Vizille,300,0.04,-44.44%,Petite Ville
Dardilly,360,0.04,9.09%,Petite Ville
Foix,390,0.04,-55.17%,Petite Ville
Le Pontet,700,0.04,34.62%,Petite Ville
Clermont-l'Hérault,370,0.04,-15.91%,Petite Ville
Saint-Nazaire,2920,0.04,-7.59%,Moyenne Ville
Thiers,480,0.04,-45.45%,Petite Ville
Pierrelatte,550,0.04,-40.22%,Petite Ville
Le Havre,6850,0.04,0.44%,Grande Ville
Terville,290,0.04,0.00%,Petite Ville
Hazebrouck,870,0.04,-30.40%,Petite Ville
Lambesc,400,0.04,-13.04%,Petite Ville
Auterive,400,0.04,-37.50%,Petite Ville
Vias,230,0.04,-36.11%,Petite Ville
Baud,250,0.04,-30.56%,Petite Ville
Soustons,330,0.04,-43.10%,Petite Ville
Roubaix,3960,0.04,-7.91%,Moyenne Ville
Saint-Amand-Montrond,380,0.04,-47.95%,Petite Ville
Tournefeuille,1120,0.04,27.27%,Petite Ville
Le Raincy,580,0.04,-42.57%,Petite Ville
Castries,250,0.04,-43.18%,Petite Ville
Savenay,360,0.04,-68.42%,Petite Ville
Bar-le-Duc,580,0.04,-12.12%,Petite Ville
La Roche-sur-Foron,440,0.04,22.22%,Petite Ville
Embrun,250,0.04,-28.57%,Petite Ville
Pernes-les-Fontaines,400,0.04,-9.09%,Petite Ville
Massy,1990,0.04,-6.13%,Moyenne Ville
Saint-Dizier,900,0.04,-44.10%,Petite Ville
Antony,2450,0.04,2.94%,Moyenne Ville
Roquevaire,340,0.04,-42.37%,Petite Ville
Lieusaint,540,0.04,12.50%,Petite Ville
Cabestany,400,0.04,-41.18%,Petite Ville
La Garde,990,0.04,12.50%,Petite Ville
Oloron-Sainte-Marie,410,0.04,-46.75%,Petite Ville
Amilly,510,0.04,50.00%,Petite Ville
Le Mans,5540,0.04,1.84%,Grande Ville
Beaucaire,610,0.04,-33.70%,Petite Ville
Biot,370,0.04,-27.45%,Petite Ville
Mantes-la-Jolie,1680,0.04,-15.58%,Petite Ville
Caussade,260,0.04,-46.94%,Petite Ville
Trets,390,0.04,-30.36%,Petite Ville
Lannemezan,220,0.04,-57.69%,Petite Ville
Portet-sur-Garonne,370,0.04,15.62%,Petite Ville
Tain-l'Hermitage,230,0.04,-8.00%,Petite Ville
Clamart,1980,0.04,11.24%,Moyenne Ville
Argentan,500,0.04,-30.56%,Petite Ville
Mennecy,570,0.04,-18.57%,Petite Ville
Saint-Flour,240,0.04,-7.69%,Petite Ville
Marignane,1200,0.04,15.38%,Petite Ville
Chelles,2040,0.04,-9.73%,Moyenne Ville
Kingersheim,490,0.04,13.95%,Petite Ville
Champniers,190,0.04,26.67%,Petite Ville
Saint-Berthevin,270,0.04,125.00%,Petite Ville
Sedan,590,0.04,-25.32%,Petite Ville
Valdahon,210,0.04,61.54%,Petite Ville
Lavelanet,220,0.04,-48.84%,Petite Ville
Orléans,4230,0.04,-19.43%,Grande Ville
Boulogne-Billancourt,4420,0.04,8.60%,Grande Ville
Ussel,340,0.04,-42.37%,Petite Ville
Rumilly,570,0.04,-55.12%,Petite Ville
Clichy,2280,0.04,6.54%,Moyenne Ville
Lanester,830,0.04,-20.95%,Petite Ville
Marseille,31040,0.04,-7.98%,Grande Ville
Romainville,1070,0.04,-28.19%,Petite Ville
Chauvigny,250,0.04,-57.63%,Petite Ville
Digne-les-Bains,580,0.04,0.00%,Petite Ville
Gujan-Mestras,770,0.04,-20.62%,Petite Ville
Le Pradet,360,0.04,12.50%,Petite Ville
Thoiry,210,0.03,-22.22%,Petite Ville
Coutras,300,0.03,-49.15%,Petite Ville
Alfortville,1560,0.03,-1.89%,Petite Ville
Brioude,230,0.03,-63.49%,Petite Ville
Allauch,740,0.03,-29.52%,Petite Ville
Plaisir,1070,0.03,-12.30%,Petite Ville
Joigny,330,0.03,-48.44%,Petite Ville
Talmont-Saint-Hilaire,270,0.03,-32.50%,Petite Ville
Montluçon,1180,0.03,-31.40%,Petite Ville
Montrouge,1660,0.03,5.06%,Petite Ville
Noisy-le-Grand,2330,0.03,3.56%,Moyenne Ville
Trappes,1120,0.03,-5.08%,Petite Ville
Mornant,210,0.03,-46.15%,Petite Ville
Lamorlaye,300,0.03,-21.05%,Petite Ville
Mende,420,0.03,-47.50%,Petite Ville
Tinqueux,350,0.03,-7.89%,Petite Ville
Sceaux,680,0.03,-44.72%,Petite Ville
Issoudun,390,0.03,-30.36%,Petite Ville
Aucamville,300,0.03,-34.78%,Petite Ville
Cuers,400,0.03,-31.03%,Petite Ville
La Garenne-Colombes,990,0.03,47.76%,Petite Ville
Lescar,320,0.03,-48.39%,Petite Ville
Pantin,1980,0.03,-4.35%,Moyenne Ville
Esbly,210,0.03,-4.55%,Petite Ville
Champs-sur-Marne,840,0.03,7.69%,Petite Ville
Guebwiller,360,0.03,-2.70%,Petite Ville
Pignan,260,0.03,-33.33%,Petite Ville
Roncq,440,0.03,-36.23%,Petite Ville
Briançon,370,0.03,-50.00%,Petite Ville
Juvignac,370,0.03,-35.09%,Petite Ville
Caudry,460,0.03,-33.33%,Petite Ville
Maisons-Laffitte,760,0.03,-9.52%,Petite Ville
Romilly-sur-Seine,470,0.03,20.51%,Petite Ville
Sorgues,610,0.03,12.96%,Petite Ville
Colomiers,1290,0.03,-9.15%,Petite Ville
Crest,280,0.03,-47.17%,Petite Ville
Oullins,850,0.03,-32.54%,Petite Ville
Houilles,1050,0.03,-22.79%,Petite Ville
Les Herbiers,520,0.03,0.00%,Petite Ville
Flers,470,0.03,-45.35%,Petite Ville
Montceau-les-Mines,560,0.03,14.29%,Petite Ville
Sarcelles,1870,0.03,3.89%,Moyenne Ville
Marquette-lez-Lille,340,0.03,-30.61%,Petite Ville
Clermont,320,0.03,23.08%,Petite Ville
Besançon,3690,0.03,-13.79%,Grande Ville
Montreuil,3480,0.03,-7.45%,Grande Ville
Corbeil-Essonnes,1600,0.03,14.29%,Moyenne Ville
Gennevilliers,1510,0.03,5.59%,Petite Ville
Genas,410,0.03,-18.00%,Petite Ville
Domont,480,0.03,-42.17%,Petite Ville
La Seyne-sur-Mer,1950,0.03,-8.02%,Moyenne Ville
Tourcoing,3050,0.03,-4.69%,Moyenne Ville
Saran,500,0.03,-25.37%,Petite Ville
Chaponost,270,0.03,-37.21%,Petite Ville
Hennebont,490,0.03,-22.22%,Petite Ville
Aizenay,300,0.03,-28.57%,Petite Ville
Béthune,760,0.03,-1.30%,Petite Ville
Chaumont,660,0.03,34.69%,Petite Ville
Saint-Jean-de-Maurienne,230,0.03,9.52%,Petite Ville
Thonon-les-Bains,1080,0.03,0.00%,Petite Ville
Sartrouville,1590,0.03,1.92%,Moyenne Ville
Erstein,320,0.03,-34.69%,Petite Ville
Torcy,660,0.03,20.00%,Petite Ville
Saint-Orens-de-Gameville,380,0.03,-7.32%,Petite Ville
Montgeron,710,0.03,-25.26%,Petite Ville
Les Lilas,700,0.03,-32.69%,Petite Ville
Brumath,300,0.03,25.00%,Petite Ville
Yutz,510,0.03,-37.80%,Petite Ville
Parthenay,300,0.03,-55.88%,Petite Ville
Nogent-sur-Marne,1010,0.03,18.82%,Petite Ville
Vauvert,340,0.03,-33.33%,Petite Ville
Champagne-au-Mont-d'Or,170,0.03,-5.56%,Petite Ville
Conflans-Sainte-Honorine,1050,0.03,10.53%,Petite Ville
Bondy,1610,0.03,-8.00%,Moyenne Ville
Carqueiranne,280,0.03,-54.84%,Petite Ville
Grenade,260,0.03,-51.85%,Petite Ville
Chabeuil,200,0.03,81.82%,Petite Ville
Rueil-Malmaison,2290,0.03,13.93%,Moyenne Ville
Saint-Mitre-les-Remparts,170,0.03,30.77%,Petite Ville
Forbach,630,0.03,-45.22%,Petite Ville
Wittenheim,430,0.03,-39.44%,Petite Ville
Magny-en-Vexin,170,0.03,-15.00%,Petite Ville
Saint-Julien-en-Genevois,460,0.03,-20.69%,Petite Ville
Guilherand-Granges,310,0.03,-54.41%,Petite Ville
Bonneville,360,0.03,-49.30%,Petite Ville
Saint-Rémy-de-Provence,280,0.03,7.69%,Petite Ville
Ploeren,190,0.03,-17.39%,Petite Ville
Combourg,170,0.03,-50.00%,Petite Ville
Castelnau-le-Lez,640,0.03,-11.11%,Petite Ville
Bailleul,430,0.03,-37.68%,Petite Ville
Bailly-Romainvilliers,210,0.03,-34.38%,Petite Ville
Sautron,240,0.03,-42.86%,Petite Ville
Suresnes,1390,0.03,12.10%,Petite Ville
Ploemeur,500,0.03,-30.56%,Petite Ville
Malakoff,870,0.03,-2.25%,Petite Ville
Bezons,890,0.03,-19.09%,Petite Ville
Calais,2010,0.03,-30.69%,Moyenne Ville
Miramas,730,0.03,-34.82%,Petite Ville
Vallet,260,0.03,-18.75%,Petite Ville
Sausheim,150,0.03,0.00%,Petite Ville
Livry-Gargan,1250,0.03,-23.78%,Petite Ville
Carvin,480,0.03,-46.67%,Petite Ville
Saint-Gilles,380,0.03,-17.39%,Petite Ville
Chassieu,290,0.03,7.41%,Petite Ville
Olivet,610,0.03,-20.78%,Petite Ville
Lormont,630,0.03,12.50%,Petite Ville
Blain,270,0.03,-35.71%,Petite Ville
Aubervilliers,2410,0.03,0.42%,Moyenne Ville
Auriol,350,0.03,-31.37%,Petite Ville
Saint-Doulchard,260,0.03,23.81%,Petite Ville
Les Mureaux,890,0.03,-47.34%,Petite Ville
Bassens,200,0.03,-35.48%,Petite Ville
Bagnolet,960,0.03,-32.87%,Petite Ville
Tarascon,420,0.03,-32.26%,Petite Ville
Brive-la-Gaillarde,1230,0.03,-5.38%,Petite Ville
Saujon,190,0.03,-63.46%,Petite Ville
Cestas,450,0.03,-16.67%,Petite Ville
Guidel,310,0.03,-26.19%,Petite Ville
Basse-Goulaine,240,0.03,-27.27%,Petite Ville
Château-Thierry,400,0.03,73.91%,Petite Ville
Divonne-les-Bains,260,0.03,4.00%,Petite Ville
Le Cannet,1090,0.03,4.81%,Petite Ville
Nanterre,2500,0.03,3.73%,Moyenne Ville
Bruz,490,0.03,-47.31%,Petite Ville
Monistrol-sur-Loire,230,0.03,-32.35%,Petite Ville
Ris-Orangis,770,0.03,10.00%,Petite Ville
Le Creusot,550,0.03,14.58%,Petite Ville
Cugnaux,500,0.03,-23.08%,Petite Ville
Neuilly-sur-Seine,1540,0.03,13.24%,Moyenne Ville
Port-de-Bouc,430,0.03,-14.00%,Petite Ville
Meyzieu,890,0.03,9.88%,Petite Ville
Saint-Victoret,170,0.03,-39.29%,Petite Ville
Yerres,750,0.03,-3.85%,Petite Ville
Jarny,210,0.03,-19.23%,Petite Ville
Lons,350,0.03,0.00%,Petite Ville
Saint-Fargeau-Ponthierry,360,0.03,-21.74%,Petite Ville
Argenteuil,2810,0.03,-4.75%,Grande Ville
Cernay,290,0.03,-42.00%,Petite Ville
Villeneuve-Saint-Georges,880,0.03,0.00%,Petite Ville
Moissy-Cramayel,450,0.03,12.50%,Petite Ville
Orly,620,0.03,113.79%,Petite Ville
Tignieu-Jameyzieu,190,0.03,-29.63%,Petite Ville
Cournon-d'Auvergne,510,0.03,121.74%,Petite Ville
Challes-les-Eaux,140,0.02,-17.65%,Petite Ville
Eysines,610,0.02,8.93%,Petite Ville
Courbevoie,2030,0.02,-8.56%,Moyenne Ville
Sète,1090,0.02,-3.54%,Petite Ville
Draveil,710,0.02,9.23%,Petite Ville
Mitry-Mory,510,0.02,8.51%,Petite Ville
Denain,490,0.02,-43.68%,Petite Ville
Villejuif,1360,0.02,-18.07%,Moyenne Ville
Aulnay-sous-Bois,2140,0.02,-13.71%,Moyenne Ville
Montivilliers,380,0.02,-7.32%,Petite Ville
Carquefou,500,0.02,-25.37%,Petite Ville
Drancy,1770,0.02,-35.16%,Moyenne Ville
Saint-Genis-Laval,510,0.02,-8.93%,Petite Ville
Villeneuve-sur-Lot,530,0.02,-17.19%,Petite Ville
Montrond-les-Bains,130,0.02,-7.14%,Petite Ville
Savigny-sur-Orge,890,0.02,-3.26%,Petite Ville
Chamonix-Mont-Blanc,210,0.02,-57.14%,Petite Ville
Saint-Priest,1140,0.02,5.56%,Petite Ville
Chilly-Mazarin,480,0.02,45.45%,Petite Ville
Audincourt,320,0.02,-64.84%,Petite Ville
Hénin-Beaumont,620,0.02,1.64%,Petite Ville
Avon,320,0.02,-21.95%,Petite Ville
Issy-les-Moulineaux,1620,0.02,-8.99%,Moyenne Ville
Saint-Chamond,830,0.02,-23.15%,Petite Ville
Elne,220,0.02,-51.11%,Petite Ville
Sommières,120,0.02,-20.00%,Petite Ville
Pessac,1550,0.02,4.03%,Moyenne Ville
Colombes,2050,0.02,18.50%,Moyenne Ville
Brunoy,600,0.02,-31.03%,Petite Ville
Bron,1000,0.02,20.48%,Petite Ville
La Londe-les-Maures,250,0.02,-10.71%,Petite Ville
Forcalquier,120,0.02,-68.42%,Petite Ville
Castelsarrasin,330,0.02,-45.90%,Petite Ville
Graulhet,300,0.02,-53.85%,Petite Ville
La Madeleine,510,0.02,-1.92%,Petite Ville
Gaillon,160,0.02,-38.46%,Petite Ville
Rosny-sous-Bois,1070,0.02,-21.32%,Petite Ville
Estaires,150,0.02,7.14%,Petite Ville
Maurepas,410,0.02,17.14%,Petite Ville
Cornebarrieu,170,0.02,-26.09%,Petite Ville
Saint-Cannat,130,0.02,-45.83%,Petite Ville
Lannilis,130,0.02,0.00%,Petite Ville
Bois-Colombes,660,0.02,17.86%,Petite Ville
Villeurbanne,3470,0.02,-3.34%,Grande Ville
Ivry-sur-Seine,1450,0.02,-6.45%,Moyenne Ville
Bressuire,450,0.02,-32.84%,Petite Ville
Eaubonne,570,0.02,-40.62%,Petite Ville
Maisons-Alfort,1270,0.02,-7.30%,Moyenne Ville
Saint-Georges-de-Didonne,120,0.02,-20.00%,Petite Ville
Carbonne,130,0.02,-64.86%,Petite Ville
Sausset-les-Pins,170,0.02,13.33%,Petite Ville
Les Angles,190,0.02,-29.63%,Petite Ville
Le Blanc,140,0.02,40.00%,Petite Ville
Fonsorbes,270,0.02,-22.86%,Petite Ville
Louvroil,140,0.02,7.69%,Petite Ville
L'Isle-sur-la-Sorgue,440,0.02,22.22%,Petite Ville
Sannois,580,0.02,-41.41%,Petite Ville
Levallois-Perret,1440,0.02,10.77%,Moyenne Ville
Seyssins,170,0.02,-10.53%,Petite Ville
Thouars,300,0.02,-46.43%,Petite Ville
Lillebonne,190,0.02,18.75%,Petite Ville
Taverny,580,0.02,5.45%,Petite Ville
La Colle-sur-Loup,170,0.02,-34.62%,Petite Ville
Chevreuse,120,0.02,0.00%,Petite Ville
Le Bourget,340,0.02,-49.25%,Petite Ville
Garches,380,0.02,11.76%,Petite Ville
Boé,120,0.02,-7.69%,Petite Ville
Rungis,120,0.02,-14.29%,Petite Ville
Bruges,410,0.02,-10.87%,Petite Ville
Cuges-les-Pins,110,0.02,-69.44%,Petite Ville
Carhaix-Plouguer,150,0.02,-79.73%,Petite Ville
Fontenay-sous-Bois,1090,0.02,-17.42%,Moyenne Ville
Chatou,630,0.02,-18.18%,Petite Ville
Choisy-le-Roi,960,0.02,-17.24%,Petite Ville
Cenon,530,0.02,-20.90%,Petite Ville
Saint-Symphorien-d'Ozon,120,0.02,9.09%,Petite Ville
Fenouillet,110,0.02,-38.89%,Petite Ville
Palaiseau,730,0.02,0.00%,Petite Ville
Saint-Vincent-de-Tyrosse,160,0.02,-52.94%,Petite Ville
Villeneuve-d'Ascq,1280,0.02,-18.99%,Moyenne Ville
Osny,360,0.02,-5.26%,Petite Ville
Plaisance-du-Touch,400,0.02,-14.89%,Petite Ville
Le Perreux-sur-Marne,690,0.02,-1.43%,Petite Ville
Alençon,530,0.02,-36.90%,Petite Ville
Athis-Mons,730,0.02,-24.74%,Petite Ville
Albert,200,0.02,-52.38%,Petite Ville
Périgueux,610,0.02,0.00%,Petite Ville
L'Union,240,0.02,-46.67%,Petite Ville
Montluel,140,0.02,7.69%,Petite Ville
Montereau-Fault-Yonne,430,0.02,-54.26%,Petite Ville
Rivesaltes,180,0.02,-60.00%,Petite Ville
Meylan,360,0.02,-20.00%,Petite Ville
Poussan,120,0.02,-14.29%,Petite Ville
Sathonay-Camp,130,0.02,-18.75%,Petite Ville
Woippy,280,0.02,-58.82%,Petite Ville
Nieppe,150,0.02,25.00%,Petite Ville
Chalonnes-sur-Loire,130,0.02,0.00%,Petite Ville
Saint-Affrique,160,0.02,-20.00%,Petite Ville
Wattignies,300,0.02,-6.25%,Petite Ville
Bois-Guillaume,290,0.02,-3.33%,Petite Ville
Deuil-la-Barre,440,0.02,33.33%,Petite Ville
Le Luc,220,0.02,-21.43%,Petite Ville
Gray,110,0.02,-38.89%,Petite Ville
Plougastel-Daoulas,260,0.02,-40.91%,Petite Ville
Villemomble,600,0.02,-56.20%,Petite Ville
Six-Fours-les-Plages,680,0.02,28.30%,Petite Ville
Aire-sur-la-Lys,190,0.02,0.00%,Petite Ville
Audenge,170,0.02,-32.00%,Petite Ville
Vertou,500,0.02,-27.54%,Petite Ville
Commentry,120,0.02,-7.69%,Petite Ville
Villeparisis,520,0.02,-13.33%,Petite Ville
Mallemort,120,0.02,-55.56%,Petite Ville
Anzin,260,0.02,-56.67%,Petite Ville
Gradignan,500,0.02,-9.09%,Petite Ville
Moissac,260,0.02,-58.06%,Petite Ville
Delle,110,0.02,-65.62%,Petite Ville
Soisy-sur-Seine,140,0.02,16.67%,Petite Ville
Talence,850,0.02,8.97%,Petite Ville
Gouesnou,120,0.02,-14.29%,Petite Ville
Talange,150,0.02,-16.67%,Petite Ville
Sully-sur-Loire,100,0.02,150.00%,Petite Ville
Nangis,170,0.02,-37.04%,Petite Ville
Bobigny,1030,0.02,-24.82%,Moyenne Ville
Claix,150,0.02,25.00%,Petite Ville
Juvisy-sur-Orge,330,0.02,-13.16%,Petite Ville
Saint-Thibault-des-Vignes,120,0.02,-7.69%,Petite Ville
Coursan,110,0.02,-8.33%,Petite Ville
Lesquin,170,0.02,-10.53%,Petite Ville
Blanquefort,290,0.02,-21.62%,Petite Ville
Cournonterral,120,0.02,0.00%,Petite Ville
Saint-Cloud,560,0.02,-5.08%,Petite Ville
Saint-Vallier,160,0.02,-11.11%,Petite Ville
Montbéliard,480,0.02,-30.43%,Petite Ville
Wattrelos,760,0.02,-15.56%,Petite Ville
Saint-Apollinaire,140,0.02,0.00%,Petite Ville
Cormeilles-en-Parisis,470,0.02,6.82%,Petite Ville
Cavalaire-sur-Mer,140,0.02,55.56%,Petite Ville
Noisy-le-Roi,140,0.02,7.69%,Petite Ville
Mouvaux,240,0.02,-48.94%,Petite Ville
Vendôme,290,0.02,-70.41%,Petite Ville
Le Beausset,180,0.02,-30.77%,Petite Ville
Meudon,830,0.02,12.16%,Petite Ville
Neuves-Maisons,120,0.02,-7.69%,Petite Ville
Eybens,180,0.02,5.88%,Petite Ville
Larmor-Plage,150,0.02,-28.57%,Petite Ville
Thann,140,0.02,16.67%,Petite Ville
Montesson,270,0.02,-27.03%,Petite Ville
Vaires-sur-Marne,240,0.02,-11.11%,Petite Ville
La Ville-aux-Dames,100,0.02,11.11%,Petite Ville
La Chapelle-sur-Erdre,350,0.02,29.63%,Petite Ville
Saint-Martin-de-Crau,240,0.02,26.32%,Petite Ville
Champigny-sur-Marne,1370,0.02,-6.16%,Moyenne Ville
Saint-Saulve,200,0.02,33.33%,Petite Ville
Le Teich,150,0.02,15.38%,Petite Ville
Bourg-la-Reine,370,0.02,-19.57%,Petite Ville
Saint-Pierre-du-Mont,170,0.02,-19.05%,Petite Ville
Cachan,530,0.02,-30.26%,Petite Ville
Pont-Saint-Esprit,180,0.02,-70.00%,Petite Ville
Montigny-le-Bretonneux,560,0.02,-8.20%,Petite Ville
Tonnay-Charente,140,0.02,-6.67%,Petite Ville
Lempdes,150,0.02,-44.44%,Petite Ville
Fos-sur-Mer,270,0.02,42.11%,Petite Ville
Pollestres,90,0.02,12.50%,Petite Ville
Comines,220,0.02,10.00%,Petite Ville
La Gaude,120,0.02,0.00%,Petite Ville
Les Pennes-Mirabeau,370,0.02,5.71%,Petite Ville
Peymeinade,140,0.02,-41.67%,Petite Ville
Auxonne,130,0.02,-7.14%,Petite Ville
Cadaujac,110,0.02,-54.17%,Petite Ville
Gentilly,320,0.02,-5.88%,Petite Ville
Arcueil,370,0.02,-9.76%,Petite Ville
Calvisson,100,0.02,-56.52%,Petite Ville
Langres,130,0.02,-74.00%,Petite Ville
Longjumeau,360,0.02,16.13%,Petite Ville
Saint-Pierre-des-Corps,270,0.02,-55.00%,Petite Ville
Schiltigheim,570,0.02,-30.49%,Petite Ville
Saint-Herblain,800,0.02,-25.23%,Petite Ville
Chambéry,990,0.02,15.12%,Moyenne Ville
Charenton-le-Pont,500,0.02,4.17%,Petite Ville
Viroflay,280,0.02,-17.65%,Petite Ville
Plouhinec,90,0.02,-18.18%,Petite Ville
Neuilly-sur-Marne,600,0.02,-40.00%,Petite Ville
Florange,200,0.02,-52.38%,Petite Ville
Rive-de-Gier,250,0.02,-21.88%,Petite Ville
Barr,120,0.02,-53.85%,Petite Ville
Bagneux,680,0.02,-39.29%,Petite Ville
Tassin-la-Demi-Lune,370,0.02,23.33%,Petite Ville
Villefontaine,310,0.02,-43.64%,Petite Ville
Esvres,100,0.02,11.11%,Petite Ville
Andernos-les-Bains,200,0.02,-13.04%,Petite Ville
Sevran,840,0.02,-31.71%,Moyenne Ville
Kervignac,110,0.02,-15.38%,Petite Ville
Guérande,260,0.02,-18.75%,Petite Ville
Gagny,640,0.02,-55.86%,Petite Ville
Vitry-sur-Seine,1540,0.02,-21.83%,Moyenne Ville
Gonesse,420,0.02,2.44%,Petite Ville
Savigny-le-Temple,480,0.02,9.09%,Petite Ville
Rosny-sur-Seine,110,0.02,0.00%,Petite Ville
Vern-sur-Seiche,130,0.02,-23.53%,Petite Ville
Beaumont-sur-Oise,150,0.02,7.14%,Petite Ville
Saint-Amand-les-Eaux,250,0.02,-28.57%,Petite Ville
Rambervillers,80,0.02,-20.00%,Petite Ville
Lambersart,430,0.02,-29.51%,Petite Ville
Saint-Claude,140,0.02,16.67%,Petite Ville
Vendargues,100,0.02,-50.00%,Petite Ville
Chevilly-Larue,310,0.02,-8.82%,Petite Ville
Ugine,110,0.02,22.22%,Petite Ville
Hettange-Grande,120,0.02,-67.57%,Petite Ville
Bry-sur-Marne,270,0.02,-3.57%,Petite Ville
Lagnieu,110,0.02,-52.17%,Petite Ville
Tremblay-en-France,560,0.02,-42.86%,Petite Ville
La Wantzenau,90,0.02,-25.00%,Petite Ville
Frouard,100,0.02,25.00%,Petite Ville
L'Isle-d'Abeau,250,0.02,-34.21%,Petite Ville
Sainte-Luce-sur-Loire,230,0.02,-28.12%,Petite Ville
Souffelweyersheim,120,0.02,-25.00%,Petite Ville
Mont-Saint-Aignan,290,0.01,-25.64%,Petite Ville
Vaulx-en-Velin,790,0.01,-10.23%,Moyenne Ville
Luisant,100,0.01,-28.57%,Petite Ville
Ostwald,190,0.01,5.56%,Petite Ville
Languidic,120,0.01,9.09%,Petite Ville
Loos,340,0.01,-34.62%,Petite Ville
Wasquehal,310,0.01,-26.19%,Petite Ville
Floirac,270,0.01,-15.62%,Petite Ville
Noisy-le-Sec,660,0.01,-41.59%,Petite Ville
Reichshoffen,80,0.01,100.00%,Petite Ville
Joinville-le-Pont,290,0.01,-3.33%,Petite Ville
Feytiat,90,0.01,-43.75%,Petite Ville
Aire-sur-l'Adour,90,0.01,-18.18%,Petite Ville
Carbon-Blanc,120,0.01,-7.69%,Petite Ville
Labenne,100,0.01,-41.18%,Petite Ville
Sassenage,160,0.01,-15.79%,Petite Ville
La Crau,270,0.01,28.57%,Petite Ville
Faches-Thumesnil,260,0.01,-16.13%,Petite Ville
Haubourdin,210,0.01,-25.00%,Petite Ville
Villenave-d'Ornon,520,0.01,-27.78%,Petite Ville
Plabennec,120,0.01,-62.50%,Petite Ville
Mandelieu-la-Napoule,310,0.01,34.78%,Petite Ville
Roquebrune-sur-Argens,210,0.01,-4.55%,Petite Ville
Rillieux-la-Pape,430,0.01,7.50%,Petite Ville
Vanves,390,0.01,-13.33%,Petite Ville
Pibrac,120,0.01,0.00%,Petite Ville
Halluin,290,0.01,-44.23%,Petite Ville
Chaville,290,0.01,-34.09%,Petite Ville
Coudekerque-Branche,290,0.01,7.41%,Petite Ville
Marguerittes,120,0.01,-61.29%,Petite Ville
Rezé,590,0.01,0.00%,Petite Ville
Hayange,220,0.01,-4.35%,Petite Ville
Lure,110,0.01,-71.05%,Petite Ville
Luçon,130,0.01,-73.47%,Petite Ville
Chevigny-Saint-Sauveur,150,0.01,-16.67%,Petite Ville
Bormes-les-Mimosas,110,0.01,22.22%,Petite Ville
Seyssinet-Pariset,160,0.01,-5.88%,Petite Ville
Le Bouscat,320,0.01,3.23%,Petite Ville
Alès,560,0.01,-6.67%,Petite Ville
Moirans,100,0.01,-60.00%,Petite Ville
Gif-sur-Yvette,280,0.01,0.00%,Petite Ville
Fontenay-aux-Roses,340,0.01,0.00%,Petite Ville
Soisy-sous-Montmorency,240,0.01,-17.24%,Petite Ville
Rognac,160,0.01,-46.67%,Petite Ville
Guyancourt,390,0.01,-2.50%,Petite Ville
Angoulême,550,0.01,-16.67%,Petite Ville
Erquinghem-Lys,70,0.01,-12.50%,Petite Ville
Grigny,370,0.01,-22.92%,Petite Ville
Fougères,270,0.01,-40.00%,Petite Ville
Bouguenais,260,0.01,-25.71%,Petite Ville
Varennes-Vauzelles,120,0.01,9.09%,Petite Ville
Villepinte,490,0.01,-43.68%,Petite Ville
Aytré,120,0.01,-14.29%,Petite Ville
Croissy-sur-Seine,130,0.01,-18.75%,Petite Ville
Voreppe,120,0.01,-53.85%,Petite Ville
Goussainville,400,0.01,-21.57%,Petite Ville
Créteil,1200,0.01,-16.08%,Moyenne Ville
Ermont,370,0.01,-48.61%,Petite Ville
Valréas,120,0.01,71.43%,Petite Ville
Pierrelaye,120,0.01,0.00%,Petite Ville
Chantepie,130,0.01,-38.10%,Petite Ville
Saint-Lys,120,0.01,-40.00%,Petite Ville
Béziers,980,0.01,-28.99%,Moyenne Ville
Toulouges,90,0.01,-35.71%,Petite Ville
Grabels,110,0.01,-47.62%,Petite Ville
Bouaye,100,0.01,-16.67%,Petite Ville
Villiers-sur-Marne,360,0.01,-20.00%,Petite Ville
Saint-Gratien,260,0.01,-69.41%,Petite Ville
Ramonville-Saint-Agne,180,0.01,0.00%,Petite Ville
Romorantin-Lanthenay,220,0.01,-46.34%,Petite Ville
Carmaux,120,0.01,-60.00%,Petite Ville
Betton,150,0.01,7.14%,Petite Ville
Launaguet,110,0.01,-8.33%,Petite Ville
Montélimar,480,0.01,-4.00%,Petite Ville
Ambert,80,0.01,60.00%,Petite Ville
Villerupt,120,0.01,-50.00%,Petite Ville
Montmorency,260,0.01,-31.58%,Petite Ville
Saint-Laurent-de-la-Salanque,120,0.01,-7.69%,Petite Ville
Fleury-les-Aubrais,250,0.01,66.67%,Petite Ville
Vidauban,150,0.01,-74.14%,Petite Ville
Louvres,130,0.01,-18.75%,Petite Ville
Chalon-sur-Saône,530,0.01,-5.36%,Petite Ville
Neuville-en-Ferrain,120,0.01,9.09%,Petite Ville
Mions,160,0.01,6.67%,Petite Ville
Val-de-Reuil,150,0.01,25.00%,Petite Ville
Buc,70,0.01,-46.15%,Petite Ville
Corbas,130,0.01,0.00%,Petite Ville
Compiègne,470,0.01,-4.08%,Petite Ville
Mantes-la-Ville,240,0.01,-22.58%,Petite Ville
Sélestat,220,0.01,-40.54%,Petite Ville
Sainte-Savine,120,0.01,0.00%,Petite Ville
Jouy-le-Moutier,190,0.01,11.76%,Petite Ville
Vaujours,80,0.01,-84.62%,Petite Ville
Thiais,340,0.01,-40.35%,Petite Ville
Cesson,120,0.01,-20.00%,Petite Ville
Sucy-en-Brie,300,0.01,-69.07%,Petite Ville
Andrézieux-Bouthéon,110,0.01,-8.33%,Petite Ville
Guéret,140,0.01,7.69%,Petite Ville
Mâcon,370,0.01,-9.76%,Petite Ville
Saint-Jean,120,0.01,9.09%,Petite Ville
Givet,70,0.01,-56.25%,Petite Ville
Allonnes,120,0.01,20.00%,Petite Ville
Unieux,90,0.01,-18.18%,Petite Ville
Triel-sur-Seine,130,0.01,-23.53%,Petite Ville
Hyères,580,0.01,9.43%,Moyenne Ville
Saint-Maur-des-Fossés,790,0.01,113.51%,Moyenne Ville
Stains,400,0.01,-47.37%,Petite Ville
Orvault,280,0.01,-12.50%,Petite Ville
Ifs,120,0.01,0.00%,Petite Ville
Villecresnes,120,0.01,-25.00%,Petite Ville
Fréjus,550,0.01,-16.67%,Moyenne Ville
Croix,210,0.01,-22.22%,Petite Ville
La Courneuve,450,0.01,-41.56%,Petite Ville
Guipavas,150,0.01,-40.00%,Petite Ville
Saint-Quentin-Fallavier,60,0.01,-45.45%,Petite Ville
Bonneuil-sur-Marne,180,0.01,-18.18%,Petite Ville
Dugny,110,0.01,-73.17%,Petite Ville
Villiers-le-Bel,280,0.01,-15.15%,Petite Ville
Lognes,140,0.01,-30.00%,Petite Ville
Combs-la-Ville,210,0.01,-36.36%,Petite Ville
Roissy-en-Brie,220,0.01,-8.33%,Petite Ville
Franconville,360,0.01,-52.63%,Petite Ville
Vernouillet,120,0.01,-33.33%,Petite Ville
Montévrain,130,0.01,-7.14%,Petite Ville
Ormesson-sur-Marne,100,0.01,0.00%,Petite Ville
Fourmies,110,0.01,-78.85%,Petite Ville
Seysses,90,0.01,-43.75%,Petite Ville
Creutzwald,120,0.01,-76.00%,Petite Ville
Rixheim,130,0.01,-63.89%,Petite Ville
Les Clayes-sous-Bois,160,0.01,-23.81%,Petite Ville
Bully-les-Mines,110,0.01,0.00%,Petite Ville
Gémenos,60,0.01,-14.29%,Petite Ville
Rives,60,0.01,0.00%,Petite Ville
Gérardmer,70,0.01,40.00%,Petite Ville
Saint-Mandé,200,0.01,-9.09%,Petite Ville
Vigneux-sur-Seine,280,0.01,40.00%,Petite Ville
Gouvieux,80,0.01,-42.86%,Petite Ville
Fuveau,90,0.01,-43.75%,Petite Ville
Limay,150,0.01,7.14%,Petite Ville
Port-la-Nouvelle,50,0.01,25.00%,Petite Ville
Yzeure,110,0.01,-15.38%,Petite Ville
Nîmes,1260,0.01,-10.00%,Grande Ville
Somain,100,0.01,-56.52%,Petite Ville
Les Pavillons-sous-Bois,200,0.01,-59.18%,Petite Ville
Saint-André-lez-Lille,110,0.01,10.00%,Petite Ville
Fameck,120,0.01,-53.85%,Petite Ville
Marly,100,0.01,-9.09%,Petite Ville
Montfermeil,230,0.01,-69.74%,Petite Ville
Mèze,100,0.01,-16.67%,Petite Ville
Mer,50,0.01,-50.00%,Petite Ville
Cusset,100,0.01,-78.72%,Petite Ville
Le Blanc-Mesnil,460,0.01,-43.90%,Moyenne Ville
Les Ulis,200,0.01,33.33%,Petite Ville
Marly-le-Roi,130,0.01,-27.78%,Petite Ville
Miribel,80,0.01,-61.90%,Petite Ville
Montigny-en-Gohelle,80,0.01,0.00%,Petite Ville
Lingolsheim,150,0.01,-16.67%,Petite Ville
Le Pecq,120,0.01,-25.00%,Petite Ville
Montech,50,0.01,-75.00%,Petite Ville
Villetaneuse,100,0.01,-76.19%,Petite Ville
Beaucouzé,40,0.01,-33.33%,Petite Ville
Gournay-sur-Marne,50,0.01,-86.84%,Petite Ville
Saint-Dié-des-Vosges,140,0.01,16.67%,Petite Ville
Saint-Fons,140,0.01,-48.15%,Petite Ville
Épernay,160,0.01,-38.46%,Petite Ville
Saint-Pierre-du-Perray,80,0.01,100.00%,Petite Ville
Les Arcs,50,0.01,66.67%,Petite Ville
Villeneuve-la-Garenne,170,0.01,-10.53%,Petite Ville
Pérenchies,60,0.01,0.00%,Petite Ville
Villeneuve-le-Roi,150,0.01,-21.05%,Petite Ville
Pierrefitte-sur-Seine,210,0.01,-61.82%,Petite Ville
Dammarie-les-Lys,150,0.01,-6.25%,Petite Ville
Châteaubriant,80,0.01,-33.33%,Petite Ville
Châtillon,240,0.01,-17.24%,Petite Ville
Hem,120,0.01,-14.29%,Petite Ville
Armentières,160,0.01,-46.67%,Petite Ville
Villefranche-sur-Saône,230,0.01,-30.30%,Petite Ville
Freyming-Merlebach,80,0.01,-71.43%,Petite Ville
Noisiel,100,0.01,-33.33%,Petite Ville
Les Ponts-de-Cé,80,0.01,-27.27%,Petite Ville
Saint-Jean-de-Braye,130,0.01,-13.33%,Petite Ville
Rochefort,140,0.01,55.56%,Petite Ville
Bretignolles-sur-Mer,30,0.01,inf%,Petite Ville
Fresnes,170,0.01,-32.00%,Petite Ville
Entraigues-sur-la-Sorgue,50,0.01,-28.57%,Petite Ville
Charleville-Mézières,250,0.01,-30.56%,Petite Ville
Ploërmel,50,0.01,-66.67%,Petite Ville
Lunéville,90,0.01,-18.18%,Petite Ville
Fécamp,90,0.0,12.50%,Petite Ville
Caluire-et-Cuire,210,0.0,5.00%,Petite Ville
Saint-Alban,30,0.0,200.00%,Petite Ville
Montmagny,70,0.0,16.67%,Petite Ville
Saint-Médard-en-Jalles,150,0.0,-6.25%,Petite Ville
Aubière,50,0.0,-16.67%,Petite Ville
Évreux,200,0.0,-16.67%,Petite Ville
Saint-Étienne,750,0.0,8.70%,Grande Ville
Bègles,130,0.0,-31.58%,Petite Ville
Clichy-sous-Bois,120,0.0,-72.73%,Petite Ville
Fontaine,90,0.0,-18.18%,Petite Ville
Bléré,20,0.0,100.00%,Petite Ville
Mérignac,270,0.0,-3.57%,Moyenne Ville
Asnières-sur-Seine,310,0.0,0.00%,Moyenne Ville
Saint-André-de-la-Roche,20,0.0,inf%,Petite Ville
Châtellerault,110,0.0,0.00%,Petite Ville
Artigues-près-Bordeaux,30,0.0,-25.00%,Petite Ville
Périgny,30,0.0,-50.00%,Petite Ville
Châtelaillon-Plage,20,0.0,-33.33%,Petite Ville
Saint-Avé,40,0.0,-42.86%,Petite Ville
Saint-Égrève,50,0.0,0.00%,Petite Ville
Thônes,20,0.0,-60.00%,Petite Ville
Le Plessis-Robinson,90,0.0,-30.77%,Petite Ville
Longuenesse,30,0.0,-57.14%,Petite Ville
Épinal,90,0.0,-59.09%,Petite Ville
Châteauroux,120,0.0,-36.84%,Petite Ville
Grande-Synthe,60,0.0,-40.00%,Petite Ville
Liévin,80,0.0,33.33%,Petite Ville
Saint-Martin-d'Hères,100,0.0,25.00%,Petite Ville
Châteaurenard,40,0.0,33.33%,Petite Ville
Échirolles,90,0.0,-18.18%,Petite Ville
La Celle-Saint-Cloud,50,0.0,-44.44%,Petite Ville
L'Île-Saint-Denis,20,0.0,-94.44%,Petite Ville
Saint-Ouen-sur-Seine,120,0.0,-14.29%,Moyenne Ville
Le Pré-Saint-Gervais,40,0.0,-90.24%,Petite Ville
Bollène,30,0.0,-25.00%,Petite Ville
Magny-le-Hongre,20,0.0,100.00%,Petite Ville
Étampes,50,0.0,-50.00%,Petite Ville
Jouars-Pontchartrain,10,0.0,-83.33%,Petite Ville
Lesparre-Médoc,10,0.0,-80.00%,Petite Ville
Prades,10,0.0,inf%,Petite Ville
Franqueville-Saint-Pierre,10,0.0,0.00%,Petite Ville
Terrasson-Lavilledieu,10,0.0,inf%,Petite Ville
Saint-Pierre-d'Oléron,10,0.0,0.00%,Petite Ville
Chenôve,20,0.0,100.00%,Petite Ville
Vénissieux,90,0.0,-40.00%,Moyenne Ville
Saint-Avertin,20,0.0,-33.33%,Petite Ville
Pégomas,10,0.0,-75.00%,Petite Ville
Éguilles,10,0.0,-75.00%,Petite Ville
Sarlat-la-Canéda,10,0.0,-66.67%,Petite Ville
Châlons-en-Champagne,50,0.0,0.00%,Petite Ville
Le Thor,10,0.0,0.00%,Petite Ville
Décines-Charpieu,30,0.0,-62.50%,Petite Ville
Chambray-lès-Tours,10,0.0,-75.00%,Petite Ville
Le Vésinet,10,0.0,0.00%,Petite Ville
Ozoir-la-Ferrière,10,0.0,0.00%,Petite Ville
Épinay-sur-Seine,20,0.0,-94.87%,Moyenne Ville
Lège-Cap-Ferret,0,0.0,nan%,Petite Ville
Le Boulou,0,0.0,-100.00%,Petite Ville
Pérols,0,0.0,-100.00%,Petite Ville
Vélizy-Villacoublay,0,0.0,nan%,Petite Ville
Joué-lès-Tours,0,0.0,nan%,Petite Ville
Cosne-Cours-sur-Loire,0,0.0,-100.00%,Petite Ville
Argelès-sur-Mer,0,0.0,nan%,Petite Ville
Céret,0,0.0,nan%,Petite Ville
Divion,0,0.0,nan%,Petite Ville
Étaples,0,0.0,nan%,Petite Ville
Tourrette-Levens,0,0.0,-100.00%,Petite Ville
