Keyword,Tag,yearly_average
local commercial,,110000
fond commerce,,49500
fond de commerce,,49500
bails commerciaux,,12100
bail commerciale,,12100
baux commerciaux,,12100
bail commercial,,12100
fond de commerce restaurant,,6600
restaurant fond de commerce,,6600
locaux commerciaux louer,Location,8100
locaux commerciaux à louer,Location,8100
louer un local commercial,Location,8100
murs commerciaux,,8100
louer local commercial,Location,5400
locaux commerciaux,,8100
loue local commercial,,5400
location local commercial,Location,5400
location des locaux commerciaux,Location,5400
locaux commerciaux location,Location,5400
local commerciaux a louer,Location,3600
locaux commerciaux a louer,Location,3600
locale commerciale a louer,Location,3600
fonds de commerce vente,Achat,4400
location pour commerce,Location,2400
vente fond de commerce,Achat,4400
vente de fond de commerce,Achat,4400
fond de commerce vente,Achat,4400
fond de commerce en vente,Achat,4400
vente du fond de commerce,Achat,4400
commerces a vendre,Achat,4400
se loger commerce,,1600
fonds de commerce en vente,Achat,4400
vente de fonds de commerce,Achat,4400
location commercial,Location,2400
location commerce,Location,2400
vente du fonds de commerce,Achat,4400
immobilier commercial,,1900
immobilier commerce,,1900
immo commerce,,1900
fond de commerce a vendre,Achat,2400
a vendre fond de commerce,Achat,2400
local commercial a vendre,Achat,1900
locaux commerciaux a vendre,Achat,1900
local commerciale,,1600
à vendre local commercial,Achat,1900
commerce en vente,Achat,1900
locaux commerce,,1300
à vendre commerce,Achat,1600
vendre un fond de commerce,Achat,1300
pap commercial,,590
fonds de commerce restauration,,1000
local commercial restaurant,,880
vendre fonds de commerce,Achat,1300
vendre un commerce,Achat,1600
vendre fond de commerce,Achat,1300
vendre le fond de commerce,Achat,1300
commerce à vendre,Achat,1600
fond de commerce achat,Achat,1300
achat du fond de commerce,Achat,1300
fond de commerce vendre,Achat,880
activité commercial,,1000
commerces a louer,Location,1000
fond de commerce à vendre,Achat,880
achat fond de commerce,Achat,1300
a vendre fonds de commerce,Achat,880
fonds de commerce achat,Achat,1300
achat de fond de commerce,Achat,1300
vente fonds de commerce,Achat,1300
achat local commercial,Achat,1000
acheter fond de commerce,Achat,1000
fond de commerce acheter,Achat,1000
acheter un fond de commerce,Achat,1000
acheter le fond de commerce,Achat,1000
local commercial en vente,Achat,1300
acheter fonds de commerce,Achat,1000
vente local commercial,Achat,1300
locaux commerciaux vente,Achat,1300
locaux commerciaux à vendre,Achat,880
local commercial à vendre,Achat,880
locale commercial,,880
vendre un local commercial,Achat,880
cession commerces,,880
seloger local commercial,,390
acheter des locaux commerciaux,Achat,590
acheter locaux commerciaux,Achat,590
local commercial à acheter,Achat,590
acheter un local commercial,Achat,590
local commerciale location,Location,590
vendre des murs commerciaux,Achat,880
vendre mur commerciaux,Achat,880
fond de commerce bar,,480
murs commerciaux à vendre,Achat,880
local commercial location,Location,590
vendre murs commerciaux,Achat,880
batiment commerciale,,590
vente murs commerciaux occupés,Achat,480
droit au bail fond de commerce,,480
droit au bail ou fond de commerce,,480
fond de commerce et droit au bail,,480
droit au bail et fonds de commerce,,480
droit au bail fonds de commerce,,480
transformer un local commercial en habitation,,480
fond de commerce restauration rapide,,320
fond commerce restaurant,,260
cession bail commercial,,390
transformer local commercial en habitation,,480
baux commerciaux diagnostics obligatoires,,480
batiment commerciaux,,590
diagnostics obligatoires pour bail commercial,,480
bail commercial diagnostics obligatoires,,480
diagnostics obligatoires bail commercial,,480
achat mur commerciaux,Achat,390
mur commerciaux a vendre,Achat,590
bail commercial et diagnostics obligatoires,,480
fonds commercial,,390
le bail commercial,,390
a vendre murs commerciaux,Achat,590
murs local commercial,,260
fonds commerciaux,,390
local commercial vente,Achat,320
bail commercial ou professionnel,,590
vente mur commercial,Achat,480
vente des murs commerciaux,Achat,480
vente murs commerciaux,Achat,480
vente de commerce,Achat,480
location fond de commerce,Location,480
bail commercial et professionnel,,590
fond de commerce location,Location,480
local commercial centre ville,,390
acheter des murs commerciaux,Achat,260
acheter murs commerciaux,Achat,260
local commercial à louer particulier,Location,480
commerces à louer,Location,320
a louer locaux commerciaux,Location,390
bail professionnel ou commercial,,590
bail professionnel commercial,,590
location de fond de commerce,Location,480
baux professionnels et commerciaux,,590
location local commercial rouen,Location,320
fonds de commerce location,Location,480
fond de commerce en location,Location,480
louer un commerce,Location,320
louer commerce,Location,320
vente de fond de commerce restaurant,Achat,480
local commercial rouen,,390
murs de commerce,,170
immeuble commercial,,320
bail professionnel et bail commercial,,140
locaux commerciaux rennes,,390
vente fond de commerce restaurant,Achat,480
location restaurant sans fond de commerce,Location,260
agence immobilière commerce,,320
agence immobilière pour commerce,,320
le bon coin local commercial,,480
agence immobilière commerciale,,170
prix m2 local commercial,,320
prix d un local commercial au m2,,320
agence immo local commercial,,170
commerce à acheter,Achat,260
espaces commerciaux,,590
prix du m2 locaux commerciaux,,320
prix des locaux commerciaux au m2,,320
prix du m2 local commercial,,320
maison avec local commercial,,320
agence immobilier commerce,,320
fond de commerce hôtel,,210
locaux commerciaux prix m2,,320
prix local commercial au m2,,320
agence immobilière local commercial,,170
achat fonds de commerce,Achat,320
prix m2 locaux commerciaux,,320
agence immobiliere local commercial,,170
prix au m2 locaux commerciaux,,320
local commercial prix au m2,,320
prix au m2 local commercial,,320
sites commerciaux,,140
location locaux commerciaux,Location,320
locaux commerciaux nantes,,480
acheter un commerce,Achat,260
acheter commerce,Achat,260
estimation local commercial,,260
acheter local commercial,Achat,320
fonds du commerce,,260
recherche local commercial,,320
bail commercial et fonds de commerce,,170
bail commercial fonds de commerce,,170
pap local commercial,,90
immobilier locaux commerciaux,,170
local commercial bureau,,210
local commercial boulogne billancourt,,140
location local commercial rennes,Location,170
estimer murs commerciaux,,210
définition bail commercial,,260
location de local commercial,Location,260
location bail commercial,Location,210
immobilier local commercial,,170
cellule commerciale,,320
le bon coin local commercial à louer,Location,20
bail professionnel bail commercial,,390
bail commercial et bail professionnel,,390
bail commercial ou bail professionnel,,390
bail professionnel ou bail commercial,,390
bail commercial bail professionnel,,390
locaux commerciaux strasbourg,,480
local commercial strasbourg,,480
bail commercial et fond de commerce,,170
fonds de commerce bail commercial,,170
fonds de commerce et bail commercial,,170
vendre un fonds de commerce,Achat,210
prix du m2 local commercial par ville,,260
local commercial direct propriétaire,,170
local tout commerce,,210
fonds de commerce à vendre,Achat,210
recherche locaux commerciaux,,320
locaux commerciaux ile de france,,140
fonds de commerce a vendre,Achat,390
achat commerce,Achat,320
achat fond de commerce restaurant,Achat,170
vendre fond de commerce restaurant,Achat,170
estimer un local commercial,,140
semaest locaux commerciaux,,40
changement de destination local commercial,,260
se loger locaux commerciaux,,110
commerce pas de porte,,390
pas de porte commerce,,390
spécialiste vente fonds de commerce,Achat,320
bail tout commerce,,170
louer un fond de commerce,Location,210
vente mur fond de commerce,Achat,170
murs fonds de commerce,,260
fond de commerce et murs,,260
murs et fond de commerce,,260
fond commerce a vendre,Achat,170
louer fond de commerce,Location,210
murs commerciaux occupés,,140
vente murs et fonds de commerce,Achat,170
fonds de commerce restaurant à vendre,Achat,170
trouver un local commercial,,170
prix local commercial,,210
local commercial levallois,,50
locaux commerciaux achat,Achat,140
louer fonds de commerce,Location,210
vente en commerce,Achat,170
loyer locaux commerciaux,,210
achat locaux commerciaux,Achat,140
fond de commerce restaurant à vendre,Achat,170
vente mur local commercial,Achat,110
vente bail commercial,Achat,170
vente local commercial murs,Achat,110
vente de murs commerciaux,Achat,110
local commercial extraction,,70
bail commercial appartement,,170
mur commerce,,170
local commercial avec extraction,,90
local commercial bail,,260
commerce en location,Location,140
bail commercial vente,Achat,170
fond de commerce le bon coin,,210
local commercial autour de moi,,320
estimation locaux commerciaux,,140
vente locaux commerciaux,Achat,210
fond de commerce à louer,Location,210
loyer local commercial,,210
bail local commercial,,260
local commercial achat,Achat,140
appartement bail commercial,,170
vente fond et murs de commerce,Achat,170
fond et mur de commerce,,260
bail locaux commerciaux,,260
agence locaux commerciaux,,110
annonces locaux commerciaux,,140
entrepôt commercial,,90
locaux commerciaux restauration,,90
se loger fond de commerce,,90
local commerciale restauration,,90
vente de murs commerciaux entre particuliers,Achat,110
céder bail commercial,,140
local commercial leboncoin,,170
modèle cession de bail commercial,,170
locaux commerciaux a acheter,Achat,90
espaces commerciaux à louer,Location,50
locaux commerciaux nanterre,,70
commerce et vente,Achat,170
location de locaux commerciaux,Location,70
local commercial 91,,90
location local commercial levallois perret,Location,50
local commercial neuf,,140
acheter un local commercial pour le louer,Achat,210
locaux commerciaux neuf,,140
annonce local commercial,,140
prix locaux commerciaux,,140
local commercial pour restauration,,90
vente fonds commerce,Achat,140
local commercial a louer en ile de france,Location,70
fonds de commerce bar,,110
investissement immobilier commercial,,110
local commercial fond de commerce,,50
local commercial et fond de commerce,,50
location local commercial restauration,Location,70
agence immobilière locaux commerciaux,,140
local commercial a acheter,Achat,90
agence local commercial,,110
prix vente local commercial m2,Achat,110
local commercial location pure,Location,50
location pure local commercial,Location,50
petit local commercial à louer,Location,140
